[
	{"path":"materials/fancy.m", "+defines":["FANCY"]},
	{"path":"materials/entity.m", "+defines":["FANCY", "FOG", "TEXEL_AA"]},
	{"path":"materials/terrain.m", "+defines":["FANCY"]},
	{"path":"materials/terrain.m", "+defines":["FANCY", "FOG"]},
	{"path":"materials/terrain.m", "+defines":["FANCY", "ALWAYS_LIT"]}
	{"path":"materials/hologram.material", "+defines":["FANCY"]},
	{"path":"materials/portal.material", "+defines":["FANCY"]}
	{"path":"materials/barrier.material", "+defines":["FANCY"]}
]